period_name,start_date,end_date,period_days,is_rolling,strategy_return,ibit_bh_return,vs_bh,total_trades,win_rate,sharpe,max_dd,mr_trades,mr_win_rate,thu_trades,thu_win_rate,vix_avg,vix_max,ibit_volatility,ibit_trend,big_down_days
Last 2 weeks,2025-11-30,2025-12-14,14,False,-2.8528437670123092,4.617903963317795,-7.470747730330105,2,50.0,-1.0237358020633145,3.375190048069681,0,0.0,2,50.0,16.105000019073486,17.239999771118164,1.738288621061497,5.567011882349388,1
Last 1 month,2025-11-14,2025-12-14,30,False,11.458187965812266,-5.3429457968122565,16.801133762624524,6,66.66666666666666,0.9855102182357157,4.4640191007279775,3,66.66666666666666,3,66.66666666666666,18.70400004386902,26.420000076293945,2.3170942997415565,-4.254320291907277,4
Last 2 months,2025-10-15,2025-12-14,60,False,7.003559759827841,-19.10254381055282,26.10610357038066,14,57.14285714285714,0.477100021992869,10.53082485006202,8,50.0,6,66.66666666666666,18.519285792396182,26.420000076293945,2.1177847998750985,-18.9488645764919,9
Last 3 months,2025-09-15,2025-12-14,90,False,5.512850884550189,-21.66462624721806,27.17747713176825,22,54.54545454545454,0.3621942085648564,10.530824850062025,12,50.0,10,60.0,17.929531320929527,26.420000076293945,1.952637164590459,-21.832059903909233,13
Last 6 months,2025-06-17,2025-12-14,180,False,13.109123769583695,-14.695101012254892,27.804224781838585,38,55.26315789473685,0.6636808094922844,10.530824850062013,16,62.5,22,50.0,17.14056000518799,26.420000076293945,1.6435874729495934,-13.94957854968159,17
Since ETF launch (Apr 2024),2024-04-15,2025-12-14,608,False,361.7836948983522,35.52144631353622,326.262248584816,138,58.69565217391305,3.1844054617520796,12.415288258344253,65,63.07692307692307,73,54.794520547945204,17.9076133969291,52.33000183105469,2.0217937532933776,41.9068685270152,66
2wk: 11/30 - 12/14/25,2025-11-30,2025-12-14,14,True,-2.8528437670123092,4.617903963317795,-7.470747730330105,2,50.0,-1.0237358020633145,3.375190048069681,0,0.0,2,50.0,16.105000019073486,17.239999771118164,1.738288621061497,5.567011882349388,1
2wk: 11/23 - 12/07/25,2025-11-23,2025-12-07,14,True,-1.126862814219221,4.0328377919427645,-5.1597006061619854,2,50.0,-0.7189115691623809,1.6584894465171967,1,0.0,1,100.0,17.08000002966987,20.520000457763672,2.1227540821541084,0.23729272811731378,1
2wk: 11/16 - 11/30/25,2025-11-16,2025-11-30,14,True,16.6661889234463,-3.4372935134709874,20.103482436917286,3,100.0,2.073168076368901,0.0,2,100.0,1,100.0,21.466666751437717,26.420000076293945,2.987323662126521,-1.0556607546423256,3
2wk: 11/09 - 11/23/25,2025-11-09,2025-11-23,14,True,4.3802769086757145,-20.446439591621974,24.82671650029769,5,60.0,0.36403628249915976,10.530824850062018,4,50.0,1,100.0,21.280000114440917,26.420000076293945,2.191694859933343,-20.302371963476507,4
2wk: 11/02 - 11/16/25,2025-11-02,2025-11-16,14,True,-5.06144688716784,-12.35761860354382,7.29617171637598,4,50.0,-0.4891135799923143,10.530824850062025,3,33.33333333333333,1,100.0,18.498000144958496,20.0,2.2683235844253953,-11.655378237986696,3
2wk: 10/26 - 11/09/25,2025-10-26,2025-11-09,14,True,2.28966041924863,-9.934988805942279,12.224649225190909,3,66.66666666666666,0.43778916376291876,3.6032123514587693,2,50.0,1,100.0,17.624000072479248,19.5,1.939443650305711,-9.80391824580021,2
2wk: 10/19 - 11/02/25,2025-10-19,2025-11-02,14,True,-5.52871038990017,-0.922394753820688,-4.606315636079482,2,0.0,-4.932652074985219,5.52871038990017,1,0.0,1,0.0,17.185000133514404,18.600000381469727,1.5246385828871394,-1.001114039504333,1
2wk: 10/12 - 10/26/25,2025-10-12,2025-10-26,14,True,4.9013500298047985,-3.278936704799155,8.180286734603953,3,66.66666666666666,0.9854155236133606,1.997471166219451,1,100.0,2,50.0,19.494000053405763,25.309999465942383,1.4910904928233668,-4.528180881462321,1
2wk: 10/05 - 10/19/25,2025-10-05,2025-10-19,14,True,4.915607285096576,-14.842980704755762,19.758587989852337,6,83.33333333333334,0.4796210451065641,9.171035205872696,4,75.0,2,100.0,19.45699996948242,25.309999465942383,2.0804273565029057,-15.177443618839352,4
2wk: 09/28 - 10/12/25,2025-09-28,2025-10-12,14,True,-7.378013780403671,3.8920208412257415,-11.270034621629412,4,50.0,-0.7224300563344732,9.171035205872707,2,50.0,2,50.0,16.99700012207031,21.65999984741211,2.159394057750694,1.8931748567477573,3
2wk: 09/21 - 10/05/25,2025-09-21,2025-10-05,14,True,0.6070997596103552,8.780668856830836,-8.173569097220481,3,33.33333333333333,0.14894958692602228,3.128101255966129,1,0.0,2,50.0,16.292000102996827,16.739999771118164,1.324623524717752,9.677919693702291,1
2wk: 09/14 - 09/28/25,2025-09-14,2025-09-28,14,True,3.685930144073572,-5.232561125620501,8.918491269694073,3,33.33333333333333,1.1477536008400273,0.1594850599980528,1,0.0,2,50.0,15.986999988555908,16.739999771118164,0.9160507614998595,-5.435116600444299,1
2wk: 09/07 - 09/21/25,2025-09-07,2025-09-21,14,True,-1.2204378530934628,2.5251011095229168,-3.7455389626163793,2,0.0,-1.4237768137914213,1.2204378530934628,0,0.0,2,0.0,15.389000034332275,16.360000610351562,0.92287020584964,2.6216671328741685,0
2wk: 08/31 - 09/14/25,2025-08-31,2025-09-14,14,True,0.538307382405983,6.831896751518282,-6.293589369112299,2,50.0,0.26459061728117134,1.2163888139874652,0,0.0,2,50.0,15.441111246744791,17.170000076293945,1.081411051535333,5.415270710831293,0
2wk: 08/24 - 09/07/25,2025-08-24,2025-09-07,14,True,6.471127057126705,-0.04728541155773296,6.5184124686844385,3,100.0,13.210026248958615,0.0,1,100.0,2,100.0,15.338889016045464,17.170000076293945,1.2227997179232164,0.858774000727389,1
2wk: 08/17 - 08/31/25,2025-08-17,2025-08-31,14,True,5.828294693745629,-6.5124810019721275,12.340775695717756,3,100.0,14.428351399774703,0.0,1,100.0,2,100.0,15.111999988555908,16.600000381469727,1.8333368597644388,-6.979567315744643,2
2wk: 08/10 - 08/24/25,2025-08-10,2025-08-24,14,True,3.862397344352212,-2.4012924563515554,6.263689800703768,3,100.0,2.8517646125399554,0.0,1,100.0,2,100.0,15.245999908447265,16.600000381469727,1.7442261704919744,-2.054996159360051,1
2wk: 08/03 - 08/17/25,2025-08-03,2025-08-17,14,True,-1.827541912627421,2.5435279496991257,-4.3710698623265465,2,50.0,-1.1497142483031557,2.033006670166833,0,0.0,2,50.0,15.925,17.850000381469727,0.9561773177747729,1.901849004913939,0
2wk: 07/27 - 08/10/25,2025-07-27,2025-08-10,14,True,1.481559802238753,-1.8915533698822897,3.373113172121043,3,66.66666666666666,0.47773801517273895,2.0330066701668414,1,100.0,2,50.0,16.74499979019165,20.3799991607666,1.070468966725939,-1.4456054288544162,1
2wk: 07/20 - 08/03/25,2025-07-20,2025-08-03,14,True,1.840064796655479,-4.448739628773931,6.288804425429411,2,50.0,0.963793541074288,0.43227390032290713,0,0.0,2,50.0,16.242999744415282,20.3799991607666,0.8708613720326072,-3.1810652074544232,1
2wk: 07/13 - 07/27/25,2025-07-13,2025-07-27,14,True,-2.189903970408377,-4.0624513994209295,1.8725474290125526,2,0.0,-2.3314432785826673,2.189903970408377,0,0.0,2,0.0,16.351000022888183,17.3799991607666,0.8951945756586889,-2.669404057902382,0
2wk: 07/06 - 07/20/25,2025-07-06,2025-07-20,14,True,-5.875769748474104,8.19405995381883,-14.069829702292934,2,0.0,-3.478156505739754,5.875769748474104,0,0.0,2,0.0,16.738999938964845,17.790000915527344,1.29306253689759,8.599346332379907,0
2wk: 06/29 - 07/13/25,2025-06-29,2025-07-13,14,True,-4.222692619064801,9.69479122299617,-13.917483842060971,2,0.0,-1.4415070071513303,4.222692619064801,0,0.0,2,0.0,16.588888592190212,17.790000915527344,1.2543155741517062,9.802320028986964,0
2wk: 06/22 - 07/06/25,2025-06-22,2025-07-06,14,True,-0.7674959527107603,8.194152960999498,-8.961648913710258,2,0.0,-1.578671205865988,0.7674959527107603,0,0.0,2,0.0,17.06222195095486,19.829999923706055,1.0725767503074621,5.999660077758188,0
2wk: 06/15 - 06/29/25,2025-06-15,2025-06-29,14,True,3.224727591446899,0.19802433927993873,3.0267032521669606,2,50.0,0.9770960637468122,0.7277950109035394,1,100.0,1,0.0,18.716666751437717,21.600000381469727,1.4250310994141755,-1.7475696273306152,1
2wk: 06/08 - 06/22/25,2025-06-08,2025-06-22,14,True,-0.011724722894796287,-4.0242153708271955,4.012490647932399,1,0.0,0.0,0.011724722894796287,0,0.0,1,0.0,19.0755558013916,21.600000381469727,1.297206376413272,-5.018621120033892,1
2wk: 06/01 - 06/15/25,2025-06-01,2025-06-15,14,True,7.995063377030511,1.134250866944366,6.860812510086145,3,66.66666666666666,1.3359387112527277,0.011724722894791357,1,100.0,2,50.0,17.912000274658205,20.81999969482422,1.3619498978502798,0.6401635178705969,1
2wk: 05/25 - 06/08/25,2025-05-25,2025-06-08,14,True,11.162044828104317,-5.697011174986852,16.85905600309117,4,75.0,1.4531139472045957,2.115925648102119,2,50.0,2,100.0,18.325555589463974,19.309999465942383,1.5252887345060746,-5.184002685546875,2
2wk: 05/18 - 06/01/25,2025-05-18,2025-06-01,14,True,3.192481938284491,2.0072021797372237,1.1852797585472672,3,66.66666666666666,0.6291633314538908,2.1159256481021056,1,0.0,2,100.0,19.521111170450848,22.290000915527344,1.907575399317772,-0.8834848794218041,1
2wk: 05/11 - 05/25/25,2025-05-11,2025-05-25,14,True,0.9110659511236553,4.477866698569689,-3.5668007474460337,3,66.66666666666666,0.39874240875678924,1.3231756478181096,1,100.0,2,50.0,18.99700012207031,22.290000915527344,1.5462251457310865,6.82446560132394,1
2wk: 05/04 - 05/18/25,2025-05-04,2025-05-18,14,True,-3.4916810513935705,10.612855486909536,-14.104536538303106,3,33.33333333333333,-0.79560569652417,4.110221698862296,1,100.0,2,0.0,20.6629997253418,24.760000228881836,1.182956605325715,10.385977221499186,1
2wk: 04/27 - 05/11/25,2025-04-27,2025-05-11,14,True,-4.040500849593627,8.448880905772322,-12.48938175536595,2,50.0,-1.3650487212341613,4.110221698862293,0,0.0,2,50.0,23.76299991607666,25.149999618530273,0.7996201136241464,8.871564002483943,0
2wk: 04/20 - 05/04/25,2025-04-20,2025-05-04,14,True,-1.6310555155719886,11.202896310566004,-12.833951826137993,2,50.0,-1.2983680630989456,1.7025269843878958,0,0.0,2,50.0,26.545000076293945,33.81999969482422,0.8460800107531893,11.001603523147509,0
2wk: 04/13 - 04/27/25,2025-04-13,2025-04-27,14,True,-0.6131814582688275,12.383515073228125,-12.996696531496953,3,33.33333333333333,-0.24112746233192847,2.2474534456280053,1,100.0,2,0.0,29.71666653951009,33.81999969482422,1.2072302095420435,12.406797493614254,1
2wk: 04/06 - 04/20/25,2025-04-06,2025-04-20,14,True,26.843220981165906,10.485343370784554,16.35787761038135,5,80.0,2.105418460233936,0.5543646693273239,3,100.0,2,50.0,37.16777801513672,52.33000183105469,3.397238009380694,9.012870617826708,3
2wk: 03/30 - 04/13/25,2025-03-30,2025-04-13,14,True,25.21071121453864,1.685147360987121,23.52556385355152,4,75.0,2.1392269757389837,0.19307945091246437,2,100.0,2,50.0,35.210000610351564,52.33000183105469,3.1740533374164404,1.8372073711260268,2
2wk: 03/23 - 04/06/25,2025-03-23,2025-04-06,14,True,-2.145197717187839,-3.887994216168845,1.742796498981006,2,0.0,-1.7240084529032897,2.145197717187839,0,0.0,2,0.0,23.419000244140626,45.310001373291016,1.3621226607725274,-4.9222821954593705,0
2wk: 03/16 - 03/30/25,2025-03-16,2025-03-30,14,True,0.13372021942508583,0.8481796589760935,-0.7144594395510077,2,50.0,0.060692435622731085,1.9558946970168074,0,0.0,2,50.0,19.448999977111818,21.700000762939453,1.2767103507622886,-1.0403661791775796,0
2wk: 03/09 - 03/23/25,2025-03-09,2025-03-23,14,True,15.973646224223268,1.5109577763603568,14.462688447862911,4,100.0,4.31843333065734,0.0,2,100.0,2,100.0,0.0,0.0,2.2637653277815146,6.212426909389345,2
2wk: 03/02 - 03/16/25,2025-03-02,2025-03-16,14,True,15.538690566935584,-9.118372134692155,24.657062701627737,6,83.33333333333334,1.0564483656826833,9.455546830856504,4,75.0,2,100.0,24.190000343322755,27.860000610351562,3.6534511050352685,-1.5541965491110663,4
2wk: 02/23 - 03/09/25,2025-02-23,2025-03-09,14,True,27.901374458574814,-8.851188046428305,36.75256250500312,4,100.0,4.2803368940297295,0.0,2,100.0,2,100.0,21.473000144958498,24.8700008392334,3.465202392211013,-7.451787218885701,3
2wk: 02/16 - 03/02/25,2025-02-16,2025-03-02,14,True,7.866411911302149,-12.750455019022763,20.61686693032491,5,40.0,0.8521674447455915,5.228847024927363,3,33.33333333333333,2,50.0,18.084444257948135,21.1299991607666,2.189935789401803,-10.484016018734863,3
2wk: 02/09 - 02/23/25,2025-02-09,2025-02-23,14,True,-2.949681643686581,-3.0390261155502727,0.08934447186369177,3,0.0,-3.8571525796895036,2.949681643686581,1,0.0,2,0.0,15.786666870117188,18.209999084472656,2.042262600424008,-2.636335989546435,2
2wk: 02/02 - 02/16/25,2025-02-02,2025-02-16,14,True,1.3539784955889809,2.5199195471388287,-1.1659410515498478,3,33.33333333333333,0.46543380231837334,1.507986838692837,1,0.0,2,50.0,16.12300033569336,18.6200008392334,2.904205690947201,-3.9076066836567986,1
2wk: 01/26 - 02/09/25,2025-01-26,2025-02-09,14,True,18.38720058178764,-4.9720838961875256,23.359284477975166,3,100.0,1.6043337680398635,0.0,1,100.0,2,100.0,16.678000068664552,18.6200008392334,3.011130331389398,-5.548807091804889,2
2wk: 01/19 - 02/02/25,2025-01-19,2025-02-02,14,True,-1.8696636384912197,-3.6078167461963413,1.7381531077051215,2,50.0,-1.3134113699917531,1.9399662636353423,0,0.0,2,50.0,15.907777892218697,17.899999618530273,1.5241771581032788,-4.485268398875164,1
2wk: 01/12 - 01/26/25,2025-01-12,2025-01-26,14,True,-4.116409828226588,15.585670860100839,-19.702080688327428,2,0.0,-21.043439489346664,4.116409828226588,0,0.0,2,0.0,16.291111416286892,19.190000534057617,1.129108077230206,12.175872592268078,0
2wk: 01/05 - 01/19/25,2025-01-05,2025-01-19,14,True,-5.242099390238673,5.774855240821327,-11.016954631059999,2,0.0,-8.615831536450903,5.242099390238673,1,0.0,1,0.0,17.521111488342285,19.540000915527344,2.390936851828897,2.4926952184666766,1
2wk: 12/29 - 01/12/25,2024-12-29,2025-01-12,14,True,-1.5244755936172987,1.9696987321116526,-3.4941743257289515,2,50.0,-0.44292588037406583,3.0912076411205485,2,50.0,0,0.0,17.488750219345093,19.540000915527344,2.4966728458327387,0.5415516706985156,2
2wk: 12/22 - 01/05/25,2024-12-22,2025-01-05,14,True,9.51655858894961,3.1140567762188387,6.4025018127307725,4,100.0,2.9014266871446845,0.0,3,100.0,1,100.0,16.31749999523163,17.93000030517578,1.9390292781722331,5.844524711583412,3
2wk: 12/15 - 12/29/24,2024-12-15,2024-12-29,14,True,-5.306245002148753,-9.675248141466406,4.369003139317654,4,75.0,-0.3606955460089825,11.790776781429448,3,66.66666666666666,1,100.0,18.040000173780655,27.6200008392334,2.696830241910995,-10.86018064257187,4
2wk: 12/08 - 12/22/24,2024-12-08,2024-12-22,14,True,-10.056939343061385,-2.836373831677108,-7.220565511384278,4,50.0,-0.8195648931409246,12.415288258344244,3,33.33333333333333,1,100.0,17.0310001373291,27.6200008392334,2.7499457533114073,0.146175464505437,3
2wk: 12/01 - 12/15/24,2024-12-01,2024-12-15,14,True,12.609444562748177,5.945847071117165,6.663597491631012,4,75.0,1.4667082672416263,3.2896440365241837,2,50.0,2,100.0,13.608000087738038,14.1899995803833,2.4630218448473338,6.295889012474438,2
2wk: 11/24 - 12/08/24,2024-11-24,2024-12-08,14,True,10.489599674108522,4.313299758581503,6.176299915527019,3,66.66666666666666,1.3235816996269718,2.5771363679670323,2,50.0,1,100.0,13.634444660610622,14.600000381469727,2.3849555989367683,6.997406048251189,2
2wk: 11/17 - 12/01/24,2024-11-17,2024-12-01,14,True,-4.358057206085541,7.203881717422633,-11.561938923508174,2,0.0,-8.316392583476985,4.358057206085541,1,0.0,1,0.0,15.27888912624783,17.15999984741211,1.5299826025280994,5.908302231440525,1
2wk: 11/10 - 11/24/24,2024-11-10,2024-11-24,14,True,12.384199651726412,21.067299321047653,-8.68309966932124,3,66.66666666666666,1.5628020314448907,1.828031708085533,1,100.0,2,50.0,15.535000133514405,17.15999984741211,2.8195713036091505,13.960060573422034,1
2wk: 11/03 - 11/17/24,2024-11-03,2024-11-17,14,True,10.03823595750946,33.56393209975487,-23.525696142245412,3,66.66666666666666,1.0827130912246907,3.8773222143698876,1,100.0,2,50.0,16.30299997329712,21.979999542236328,3.042505078857368,36.28758449180454,1
2wk: 10/27 - 11/10/24,2024-10-27,2024-11-10,14,True,-1.3805884080497708,11.312098411997413,-12.692686820047184,3,33.33333333333333,-0.15475425338914128,6.550190957348718,1,0.0,2,50.0,19.340999794006347,23.15999984741211,1.8272787186392858,10.13360383996849,1
2wk: 10/20 - 11/03/24,2024-10-20,2024-11-03,14,True,0.31229159877048,1.889232799604788,-1.576941200834308,3,33.33333333333333,0.07971583166794655,2.7806848545561778,1,0.0,2,50.0,19.975,23.15999984741211,1.482072359638014,2.074148932824338,1
2wk: 10/13 - 10/27/24,2024-10-13,2024-10-27,14,True,-1.5665550957286907,3.0919431046215156,-4.6584982003502065,2,50.0,-0.7557982980843724,2.2273006131600748,0,0.0,2,50.0,19.228000259399415,20.639999389648438,1.1291171200671293,1.1711435461352964,0
2wk: 10/06 - 10/20/24,2024-10-06,2024-10-20,14,True,11.050313289093847,8.799776833304103,2.250536455789744,3,100.0,2.985580785471217,0.0,1,100.0,2,100.0,20.33700008392334,22.639999389648438,1.6185066376853685,8.347194140049739,1
2wk: 09/29 - 10/13/24,2024-09-29,2024-10-13,14,True,5.741499005833593,-1.3179559757518473,7.059454981585441,4,50.0,0.8206206836636443,4.137057948167294,2,50.0,2,50.0,20.089999771118165,22.639999389648438,1.7236189653480098,-0.5258855128402622,2
2wk: 09/22 - 10/06/24,2024-09-22,2024-10-06,14,True,-5.194145558885375,-1.497506641603493,-3.696638917281882,3,0.0,-5.399536848668264,5.194145558885375,1,0.0,2,0.0,17.36099977493286,20.489999771118164,1.2368001467723404,-1.4428425209601943,1
2wk: 09/15 - 09/29/24,2024-09-15,2024-09-29,14,True,-1.1729994786449605,12.248567541726041,-13.421567020371002,2,0.0,-1.6090828597230902,1.1729994786449605,0,0.0,2,0.0,16.4479998588562,18.229999542236328,0.693021961731711,13.37174017168914,0
2wk: 09/08 - 09/22/24,2024-09-08,2024-09-22,14,True,-2.7544099966282194,13.578676133054024,-16.333086129682243,2,0.0,-1.4911150345539577,2.7544099966282194,0,0.0,2,0.0,17.53099994659424,19.450000762939453,1.443658186856866,10.119966426907474,0
2wk: 09/01 - 09/15/24,2024-09-01,2024-09-15,14,True,5.056963103082471,1.1890651995730805,3.8678979035093906,3,66.66666666666666,0.8452199754113445,2.6852425692228072,1,100.0,2,50.0,19.352222018771702,22.3799991607666,3.0362979404574815,3.214073341430794,1
2wk: 08/25 - 09/08/24,2024-08-25,2024-09-08,14,True,5.689855866308335,-16.318107540661327,22.00796340696966,2,100.0,4.390015406506845,0.0,0,0.0,2,100.0,18.184444215562607,22.3799991607666,2.2383021814409982,-15.738432477586143,1
2wk: 08/18 - 09/01/24,2024-08-18,2024-09-01,14,True,5.368086454934091,-0.29878184992865253,5.666868304862744,2,100.0,3.540774808032256,0.0,0,0.0,2,100.0,15.954999923706055,17.549999237060547,2.231073019714675,-0.7436050206500848,0
2wk: 08/11 - 08/25/24,2024-08-11,2024-08-25,14,True,-2.032448901521893,6.926019607970997,-8.95846850949289,3,66.66666666666666,-0.20620965098716956,7.161734269904755,2,50.0,1,100.0,16.52599992752075,20.709999084472656,2.830599776728053,7.847798565837094,2
2wk: 08/04 - 08/18/24,2024-08-04,2024-08-18,14,True,1.9477970429418927,20.035267447614352,-18.08747040467246,3,66.66666666666666,0.2466011020376575,7.161734269904768,3,66.66666666666666,0,0.0,22.33400011062622,38.56999969482422,3.748901828803214,11.646979299134472,3
2wk: 07/28 - 08/11/24,2024-07-28,2024-08-11,14,True,27.70816649540091,-12.912159897363232,40.62032639276414,4,75.0,1.6354930340653555,2.432933691118269,3,66.66666666666666,1,100.0,23.092000198364257,38.56999969482422,3.752178042133242,-9.754829586807794,3
2wk: 07/21 - 08/04/24,2024-07-21,2024-08-04,14,True,-0.2789712788250654,-7.650416643871807,7.371445365046742,3,33.33333333333333,-0.040422987436633195,3.6727814222179767,1,0.0,2,50.0,17.51500005722046,23.389999389648438,1.6389134066748938,-8.528126557406734,2
2wk: 07/14 - 07/28/24,2024-07-14,2024-07-28,14,True,12.7343864698612,8.38222945867113,4.352157011190069,3,66.66666666666666,1.604331576508135,1.2707645909681697,1,100.0,2,50.0,15.575999927520751,18.459999084472656,2.0828786798878096,7.302902567676314,1
2wk: 07/07 - 07/21/24,2024-07-07,2024-07-21,14,True,20.47011614485582,17.791421236912136,2.678694907943683,4,100.0,2.866557134856963,0.0,2,100.0,2,100.0,13.635000038146973,16.520000457763672,2.2304562857447245,19.402990385800408,2
2wk: 06/30 - 07/14/24,2024-06-30,2024-07-14,14,True,5.503944528927186,-8.291460764954369,13.795405293881554,2,100.0,1.6154171988521333,0.0,1,100.0,1,100.0,12.436666700575087,12.920000076293945,1.3765289644742327,-8.750004238552517,1
2wk: 06/23 - 07/07/24,2024-06-23,2024-07-07,14,True,3.812752301403234,-7.657006741413731,11.469759042816966,3,100.0,2.744764699104403,0.0,2,100.0,1,100.0,12.468888812594944,13.329999923706055,1.6566462024537538,-4.634973063819384,2
2wk: 06/16 - 06/30/24,2024-06-16,2024-06-30,14,True,4.005264975767586,-8.679949384980164,12.68521436074775,3,100.0,2.975262431324877,0.0,1,100.0,2,100.0,12.769999927944607,13.329999923706055,1.6264510222574895,-10.110585041786404,2
2wk: 06/09 - 06/23/24,2024-06-09,2024-06-23,14,True,-5.8773125840427385,-7.310270645834575,1.4329580617918367,4,50.0,-0.7648136796295657,9.88952287641654,3,33.33333333333333,1,100.0,12.639999919467503,13.279999732971191,1.6150707172678818,-7.6029257639102275,3
2wk: 06/02 - 06/16/24,2024-06-02,2024-06-16,14,True,-7.219014282289099,-6.234287627799075,-0.9847266544900242,4,50.0,-1.0701940112465547,9.889522876416548,3,33.33333333333333,1,100.0,12.592999935150146,13.15999984741211,1.600993662908213,-5.425962130229939,4
2wk: 05/26 - 06/09/24,2024-05-26,2024-06-09,14,True,1.0030208208503426,1.1287804819808398,-0.1257596611304972,2,50.0,0.3828775997456149,1.3966696570624846,0,0.0,2,50.0,13.14333332909478,14.470000267028809,1.356367320794413,1.1287804819808398,1
2wk: 05/19 - 06/02/24,2024-05-19,2024-06-02,14,True,9.562343047301056,0.8898198396609122,8.672523207640143,4,50.0,1.4398269059312903,1.3966696570624932,2,50.0,2,50.0,12.843333350287544,14.470000267028809,2.4528285545060764,-3.552669352702107,2
2wk: 05/12 - 05/26/24,2024-05-12,2024-05-26,14,True,13.964856005874662,10.28507666496935,3.679779340905311,4,75.0,2.679499752207464,0.3843103173018,2,50.0,2,100.0,12.488000011444091,13.600000381469727,2.4526140191526884,9.611108567979601,2
2wk: 05/05 - 05/19/24,2024-05-05,2024-05-19,14,True,0.0416405111223321,5.629130812215746,-5.587490301093414,3,66.66666666666666,0.03207101140278554,3.5617923260474167,1,100.0,2,50.0,12.883999919891357,13.600000381469727,1.744057547565762,6.303806063790512,1
2wk: 04/28 - 05/12/24,2024-04-28,2024-05-12,14,True,-8.88055264540193,-2.8378710795250224,-6.042681565876908,3,0.0,-13.985470851217018,8.88055264540193,1,0.0,2,0.0,13.883999919891357,15.649999618530273,1.8900114152939087,-3.5963120692579738,2
2wk: 04/21 - 05/05/24,2024-04-21,2024-05-05,14,True,-0.49291048317076275,-6.026006778353825,5.533096295183062,3,33.33333333333333,-0.04191936264727988,5.51520030042107,2,50.0,1,0.0,15.288000011444092,16.940000534057617,1.9953969009835157,-6.670178642080425,2
1mo: 11/14 - 12/14/25,2025-11-14,2025-12-14,30,True,11.458187965812266,-5.3429457968122565,16.801133762624524,6,66.66666666666666,0.9855102182357157,4.4640191007279775,3,66.66666666666666,3,66.66666666666666,18.70400004386902,26.420000076293945,2.3170942997415565,-4.254320291907277,4
1mo: 10/30 - 11/29/25,2025-10-30,2025-11-29,30,True,14.352167905742627,-16.219729790721722,30.571897696464347,8,75.0,0.9711196892454889,10.530824850062013,5,60.0,3,100.0,19.644285837809246,26.420000076293945,2.4741664685730744,-14.652321300069005,6
1mo: 10/15 - 11/14/25,2025-10-15,2025-11-14,30,True,-3.996680986192587,-15.507982776783738,11.511301790591151,8,50.0,-0.2802332792288005,10.53082485006202,5,40.0,3,66.66666666666666,18.41565227508545,25.309999465942383,1.87784458649792,-15.347475029040494,5
1mo: 09/30 - 10/30/25,2025-09-30,2025-10-30,30,True,-3.831920615332147,-6.211179977057321,2.379259361725174,9,55.55555555555556,-0.24172579477743616,9.171035205872705,5,60.0,4,50.0,18.03608699466871,25.309999465942383,1.7983875577097836,-7.0769207294170675,5
1mo: 09/15 - 10/15/25,2025-09-15,2025-10-15,30,True,-1.3931395166886433,-3.3506768986464825,1.9575373819578392,8,50.0,-0.06322969829981141,9.171035205872704,4,50.0,4,50.0,16.970434810804285,21.65999984741211,1.583576114448524,-3.557254703900286,4
1mo: 08/31 - 09/30/25,2025-08-31,2025-09-30,30,True,4.244079160555393,4.610930644338516,-0.3668514837831225,5,40.0,1.0659895757914963,1.2204378530934803,1,0.0,4,50.0,15.773333458673386,17.170000076293945,1.0761372109483238,3.2237553437262076,1
1mo: 08/16 - 09/15/25,2025-08-16,2025-09-15,30,True,9.00971564294381,-0.334755350908028,9.344470993851838,6,83.33333333333334,2.910111372451086,1.2163888139874612,2,100.0,4,75.0,15.289000034332275,17.170000076293945,1.4461142420318354,-0.8327070800084923,2
1mo: 08/01 - 08/31/25,2025-08-01,2025-08-31,30,True,5.220107105982952,-6.4127993927164795,11.63290649869943,6,83.33333333333334,1.468358202073286,2.0330066701668428,2,100.0,4,75.0,15.749999954586936,20.3799991607666,1.4791085469031608,-4.328873468002876,3
1mo: 07/17 - 08/16/25,2025-07-17,2025-08-16,30,True,-0.5326139979430263,-0.887597804428019,0.3549838064849927,6,50.0,-0.12236724660642756,2.189903970408377,1,100.0,5,40.0,16.11863626133312,20.3799991607666,0.9987849394928908,-1.7886164925063335,1
1mo: 07/02 - 08/01/25,2025-07-02,2025-08-01,30,True,-4.182157726363093,5.0719933622269195,-9.254151088590014,5,20.0,-0.8708952256742264,6.320123676150143,0,0.0,5,20.0,16.492727062918924,20.3799991607666,1.1982639787552012,2.88369609830161,1
1mo: 06/17 - 07/17/25,2025-06-17,2025-07-17,30,True,-2.879375746221831,12.712430872912936,-15.591806619134767,5,20.0,-0.45911129731718603,6.598169406174774,1,100.0,4,0.0,17.47142846243722,21.600000381469727,1.2611019005876984,13.697481556099003,1
1mo: 06/02 - 07/02/25,2025-06-02,2025-07-02,30,True,11.477609983150177,5.671234960941813,5.806375022208364,5,60.0,1.6209788669622087,0.727795010903528,2,100.0,3,33.33333333333333,18.08045465295965,21.600000381469727,1.3725145540830825,5.154982357025328,2
1mo: 05/18 - 06/17/25,2025-05-18,2025-06-17,30,True,11.442786269581047,2.0758261545168986,9.366960115064149,6,66.66666666666666,1.3796568268555232,2.115925648102123,2,50.0,4,75.0,18.834285917736235,22.290000915527344,1.5990167162212152,-0.8168055755242315,2
1mo: 05/03 - 06/02/25,2025-05-03,2025-06-02,30,True,-0.41067040001733407,10.911808861430481,-11.322479261447816,6,50.0,-0.019817556881446236,4.110221698862315,2,50.0,4,50.0,20.033999919891357,24.760000228881836,1.4835713520112683,10.684317412111703,2
1mo: 04/18 - 05/18/25,2025-04-18,2025-05-18,30,True,-5.065785310590636,19.282690890314043,-24.348476200904678,5,40.0,-1.1225083536187357,5.674237216712772,1,100.0,4,25.0,23.603999900817872,33.81999969482422,1.0028589583415017,19.06677254522856,1
1mo: 04/03 - 05/03/25,2025-04-03,2025-05-03,30,True,24.5334240232493,18.45889342338497,6.074530599864328,8,62.5,1.631610668231414,2.2474534456279884,3,100.0,5,40.0,32.15666689191546,52.33000183105469,2.242450382696051,18.50976806607708,3
1mo: 03/19 - 04/18/25,2025-03-19,2025-04-18,30,True,26.76760032822245,1.0892262773022723,25.678374050920176,8,62.5,1.7827084694075472,2.145197717187822,3,100.0,5,40.0,28.530909278176047,52.33000183105469,2.325142063509851,-0.720021157012341,3
1mo: 03/04 - 04/03/25,2025-03-04,2025-04-03,30,True,4.729708020001726,-0.9780971643893662,5.707805184391092,8,62.5,0.4287392504399954,9.45554683085647,3,66.66666666666666,5,60.0,22.13869584125021,30.020000457763672,2.0806492409680795,-5.709657278139707,3
1mo: 02/17 - 03/19/25,2025-02-17,2025-03-19,30,True,24.627439883855658,-11.457196249006198,36.08463613286186,11,63.63636363636363,1.342675853016244,9.455546830856479,7,57.14285714285714,4,75.0,21.216818289323285,27.860000610351562,2.8910049686048485,-9.157162894564715,7
1mo: 02/02 - 03/04/25,2025-02-02,2025-03-04,30,True,20.538446390462195,-8.486199235618654,29.024645626080847,9,44.44444444444444,1.4936448803006055,6.657983538668905,5,40.0,4,50.0,17.632381075904483,23.510000228881836,3.191372725080852,-14.223692568535359,5
1mo: 01/18 - 02/17/25,2025-01-18,2025-02-17,30,True,14.33989893431275,-7.583092002382226,21.922990936694976,6,50.0,1.0185902347934128,1.9399662636353423,2,50.0,4,50.0,16.02105286246852,18.6200008392334,2.291686342966739,-8.42435698799273,2
1mo: 01/03 - 02/02/25,2025-01-03,2025-02-02,30,True,-7.013753402537022,4.490312443945949,-11.50406584648297,4,25.0,-3.099138250049674,7.080370694197153,1,0.0,3,33.33333333333333,16.683684399253444,19.540000915527344,1.9236400409232561,3.12723378954732,2
1mo: 12/19 - 01/18/25,2024-12-19,2025-01-18,30,True,19.963156719571778,2.448662676403939,17.51449404316784,8,75.0,1.4935963246217314,5.242099390238661,5,80.0,3,66.66666666666666,17.404210743151214,24.09000015258789,2.48512177066447,8.95467398002861,5
1mo: 12/04 - 01/03/25,2024-12-04,2025-01-03,30,True,11.714091819523711,2.4720718898237766,9.242019929699934,10,80.0,0.7609421578405922,12.415288258344232,7,71.42857142857143,3,100.0,16.219523884001234,27.6200008392334,2.548880908156475,-0.8153121222996581,7
1mo: 11/19 - 12/19/24,2024-11-19,2024-12-19,30,True,-4.997025417559871,4.907978107323611,-9.905003524883483,7,42.857142857142854,-0.23654553014386093,12.41528825834425,4,25.0,3,66.66666666666666,15.467272888530385,27.6200008392334,2.4308468766664917,3.833017890929917,5
1mo: 11/04 - 12/04/24,2024-11-04,2024-12-04,30,True,5.242706685913836,44.555469980882535,-39.3127632949687,5,40.0,0.5126645361914449,4.358057206085531,2,50.0,3,33.33333333333333,15.483181910081344,21.979999542236328,2.3327030454557347,47.503263186785134,2
1mo: 10/20 - 11/19/24,2024-10-20,2024-11-19,30,True,10.381876123839993,36.387167689908544,-26.00529156606855,6,50.0,0.8818174770478056,6.550190957348748,2,50.0,4,50.0,17.941363638097588,23.15999984741211,2.318568269045317,36.634693232863484,2
1mo: 10/05 - 11/04/24,2024-10-05,2024-11-04,30,True,11.397114087903992,6.516291179423453,4.880822908480539,6,66.66666666666666,1.3128239958135313,2.780684854556174,2,50.0,4,75.0,20.242857161022368,23.15999984741211,1.5591005800469149,6.073207274836868,2
1mo: 09/20 - 10/20/24,2024-09-20,2024-10-20,30,True,5.28219837326009,8.981872685510812,-3.699674312250722,6,50.0,0.7240976498952973,5.194145558885375,2,50.0,4,50.0,18.720476105099632,22.639999389648438,1.3825687951696193,9.134079685617792,2
1mo: 09/05 - 10/05/24,2024-09-05,2024-10-05,30,True,-0.4706402741191232,10.207883841933999,-10.678524116053122,7,28.57142857142857,-0.026037133761357325,7.805487491000217,2,50.0,5,20.0,17.781817999753084,22.3799991607666,1.9476634840527525,11.522763052866852,2
1mo: 08/21 - 09/20/24,2024-08-21,2024-09-20,30,True,10.617833067625853,5.667054629323019,4.950778438302834,6,66.66666666666666,1.5594530296635547,2.7544099966282145,1,100.0,5,60.0,17.66590894352306,22.3799991607666,2.3774513860229485,1.9071965515919602,1
1mo: 08/06 - 09/05/24,2024-08-06,2024-09-05,30,True,9.466240025806728,1.33630312509027,8.129936900716459,6,83.33333333333334,0.9479415409660095,7.161734269904768,3,66.66666666666666,3,100.0,18.466363603418525,27.850000381469727,2.522231971411199,-1.5151508002666279,3
1mo: 07/22 - 08/21/24,2024-07-22,2024-08-21,30,True,21.58434117351244,-8.895228690400428,30.479569863912864,7,57.14285714285714,1.0476282522100087,7.161734269904777,5,60.0,2,50.0,19.360434863878332,38.56999969482422,2.9248840877321616,-9.761107647757541,5
1mo: 07/07 - 08/06/24,2024-07-07,2024-08-06,30,True,43.67431300549977,-0.7975409009285629,44.47185390642833,8,75.0,2.0538638194475696,3.6727814222179878,4,75.0,4,75.0,17.17181816968051,38.56999969482422,2.6764399819599634,0.5597024441225728,4
1mo: 06/22 - 07/22/24,2024-06-22,2024-07-22,30,True,25.0633432706719,11.643250638526956,13.420092632144945,7,100.0,2.777996054551072,0.0,4,100.0,3,100.0,13.173999977111816,16.520000457763672,1.928619364658787,15.296908067206461,4
1mo: 06/07 - 07/07/24,2024-06-07,2024-07-07,30,True,-1.783164414230232,-20.865072868782754,19.081908454552522,8,75.0,-0.17046433452436474,9.889522876416546,6,66.66666666666666,2,100.0,12.536842045031095,13.329999923706055,1.6484095173016646,-18.315570120177487,6
1mo: 05/23 - 06/22/24,2024-05-23,2024-06-22,30,True,6.588801000619132,-7.415835522528101,14.004636523147234,9,66.66666666666666,0.6184080628273179,9.88952287641654,5,60.0,4,75.0,12.8375,14.470000267028809,1.6666970569480433,-4.415987997110519,5
1mo: 05/08 - 06/07/24,2024-05-08,2024-06-07,30,True,12.275473552312832,11.544985848164039,0.7304877041487927,8,62.5,1.4001320036691942,3.5617923260474167,3,66.66666666666666,5,60.0,12.791363629427822,14.470000267028809,2.0467885598567217,11.418872184464005,4
1mo: 04/23 - 05/23/24,2024-04-23,2024-05-23,30,True,5.0705592474233345,1.4850209145764734,3.585538332846861,8,50.0,0.5537913008254703,8.880552645401915,4,50.0,4,50.0,13.645652107570482,15.970000267028809,2.1268207184581223,0.9762504406025491,5
